{
    "decorr_factor": 0.95,
    "lambda_ref": 0.22124904649446492,
    "fov": 0.0008358297312013119,
    "threshold": 264.70588235294116,
    "amplitude_tolerance": 0.01,
    "rms_tolerance": 0.02
}