{
    "fov": 0.0006,
    "fov_strategy": "FIXED",
    "decorr_factor": 0.95,
    "amplitude_tolerance": 1,
    "rms_tolerance": 1,
    "threshold_baseline": 2865.88623046875,
    "lambda_ref": 0.22124904649446492
}