{
    "decorr_limit": 0.01,
    "max_time_window": 10.0,
    "x": 0.24531780885402502,
    "fov": 0.000728067398
}