{
    "img_size": 512,
    "padding_factor": 1.2,
    "cellsize": 5.330420255448728e-06,
    "corrs_string": [
        [
            "XX",
            "YY"
        ]
    ],
    "chan_freq": [
        35000000000.0,
        35306122448.97959,
        35612244897.95919,
        35918367346.938774,
        36224489795.918365,
        36530612244.89796,
        36836734693.877556,
        37142857142.85715,
        37448979591.83673,
        37755102040.81632,
        38061224489.79592,
        38367346938.77551,
        38673469387.755104,
        38979591836.73469,
        39285714285.71429,
        39591836734.69388,
        39897959183.67347,
        40204081632.65306,
        40510204081.63265,
        40816326530.61224,
        41122448979.591835,
        41428571428.571434,
        41734693877.551025,
        42040816326.53061,
        42346938775.5102,
        42653061224.4898,
        42959183673.46939,
        43265306122.448975,
        43571428571.428566,
        43877551020.408165,
        44183673469.38776,
        44489795918.36735,
        44795918367.34694,
        45102040816.32653,
        45408163265.30612,
        45714285714.28571,
        46020408163.26531,
        46326530612.244896,
        46632653061.22449,
        46938775510.20408,
        47244897959.18368,
        47551020408.16327,
        47857142857.14286,
        48163265306.122444,
        48469387755.10204,
        48775510204.081635,
        49081632653.061226,
        49387755102.04081,
        49693877551.02041,
        50000000000.0
    ]
}