{
    "img_size": 512,
    "padding_factor": 1,
    "cellsize": 1.524459633889902e-07,
    "cellsize_strategy": "DERIVED",
    "cellsize_flag": false,
    "corrs_string": [
        [
            "XX",
            "YY"
        ]
    ],
    "chan_freq": [
        950000000.0,
        966530612.244898,
        983061224.4897959,
        999591836.7346939,
        1016122448.9795918,
        1032653061.2244899,
        1049183673.4693878,
        1065714285.7142857,
        1082244897.9591837,
        1098775510.2040818,
        1115306122.4489796,
        1131836734.6938777,
        1148367346.9387755,
        1164897959.1836734,
        1181428571.4285715,
        1197959183.6734693,
        1214489795.9183671,
        1231020408.1632652,
        1247551020.4081633,
        1264081632.6530612,
        1280612244.897959,
        1297142857.142857,
        1313673469.3877552,
        1330204081.632653,
        1346734693.877551,
        1363265306.122449,
        1379795918.367347,
        1396326530.6122448,
        1412857142.857143,
        1429387755.102041,
        1445918367.3469388,
        1462448979.5918367,
        1478979591.8367348,
        1495510204.0816329,
        1512040816.3265307,
        1528571428.5714285,
        1545102040.8163266,
        1561632653.0612245,
        1578163265.3061223,
        1594693877.5510201,
        1611224489.7959182,
        1627755102.0408163,
        1644285714.2857141,
        1660816326.5306122,
        1677346938.7755103,
        1693877551.0204082,
        1710408163.265306,
        1726938775.510204,
        1743469387.7551022,
        1760000000.0
    ]
}